t,W1L,W2R,W3B,M1L,M2L,M3L,M4L,M5L,M6L,M1R,M2R,M3R,M4R,M5R,M6R
0,0,0,0,0,0,0,0,0,0,0,0,0,0,0,0
0.008,0,0,0,16,16,16,16,16,-1,16,16,16,-1,-1,16
0.016,0,0,0,0,0,0,1,1,-2,0,0,0,-2,-2,1
0.024,0,0,0,16,16,16,2,2,-4,16,16,16,-3,-3,3
0.032,0,0,0,0,0,0,4,5,-6,0,0,0,-5,-6,5
0.04,0,0,0,16,16,16,7,8,-9,16,16,16,-8,-9,8
0.048,0,0,0,0,0,0,10,11,-12,0,0,0,-11,-12,11
0.056,0,0,0,16,16,16,14,16,-17,16,16,16,-15,-17,16
0.064,0,0,0,0,0,0,18,21,-22,0,0,0,-19,-22,21
0.072,0,0,0,16,16,16,23,26,-27,16,16,16,-24,-27,26
0.08,0,0,0,0,0,0,28,32,-34,0,0,0,-29,-33,33
0.088,0,0,0,16,16,16,34,39,-40,16,16,16,-35,-40,39
0.096,0,0,0,0,0,0,40,47,-48,0,0,0,-41,-48,47
0.104,0,0,0,16,16,16,47,55,-56,16,16,16,-48,-56,55
0.112,0,0,0,0,0,0,55,63,-65,0,0,0,-56,-64,64
0.12,0,0,0,16,16,16,63,73,-74,16,16,16,-64,-74,73
0.128,0,0,0,0,0,0,72,82,-84,0,0,0,-73,-83,83
0.136,0,0,0,16,16,16,81,93,-95,16,16,16,-82,-94,94
0.144,0,0,0,0,0,0,90,104,-106,0,0,0,-91,-105,105
0.152,0,0,0,16,16,16,101,116,-118,16,16,16,-102,-117,117
0.16,0,0,0,0,0,0,111,128,-130,0,0,0,-112,-129,129
0.168,0,0,0,16,16,16,123,141,-143,16,16,16,-124,-142,142
0.176,0,0,0,0,0,0,134,155,-157,0,0,0,-135,-156,156
0.184,0,0,0,16,16,16,147,169,-171,16,16,16,-148,-170,170
0.192,0,0,0,0,0,0,159,183,-186,0,0,0,-160,-184,185
0.2,0,0,0,16,16,16,173,199,-201,16,16,16,-174,-200,200
0.208,0,0,0,0,0,0,186,215,-217,0,0,0,-187,-216,216
0.216,0,0,0,16,16,16,201,231,-234,16,16,16,-202,-232,233
0.224,0,0,0,0,0,0,215,248,-251,0,0,0,-216,-249,250
0.232,0,0,0,16,16,16,231,266,-269,16,16,16,-232,-267,268
0.24,0,0,0,0,0,0,246,284,-287,0,0,0,-247,-285,286
0.248,0,0,0,16,16,16,263,302,-306,16,16,16,-264,-303,305
0.256,0,0,0,0,0,0,279,322,-325,0,0,0,-280,-323,324
0.264,0,0,0,16,16,16,297,341,-345,16,16,16,-298,-342,344
0.272,0,0,0,0,0,0,314,362,-365,0,0,0,-315,-363,364
0.28,0,0,0,16,16,16,332,383,-387,16,16,16,-333,-384,386
0.288,0,0,0,0,0,0,351,404,-408,0,0,0,-352,-405,407
0.296,0,0,0,16,16,16,370,426,-430,16,16,16,-371,-427,429
0.304,0,0,0,0,0,0,390,449,-453,0,0,0,-391,-450,452
0.312,0,0,0,16,16,16,410,472,-476,16,16,16,-411,-473,475
0.32,0,0,0,0,0,0,430,495,-500,0,0,0,-431,-496,499
0.328,0,0,0,16,16,16,451,519,-524,16,16,16,-452,-520,523
0.336,0,0,0,0,0,0,473,544,-549,0,0,0,-474,-545,548
0.344,0,0,0,16,16,16,494,569,-574,16,16,16,-495,-570,573
0.352,0,0,0,0,0,0,517,595,-600,0,0,0,-518,-596,599
0.36,0,0,0,16,16,16,539,621,-626,16,16,16,-540,-622,625
0.368,0,0,0,0,0,0,563,648,-653,0,0,0,-564,-649,652
0.376,0,0,0,16,16,16,586,675,-681,16,16,16,-587,-676,680
0.384,0,0,0,0,0,0,610,702,-709,0,0,0,-611,-703,708
0.392,0,0,0,16,16,16,635,730,-737,16,16,16,-636,-731,736
0.4,0,0,0,0,0,0,660,759,-766,0,0,0,-661,-760,765
0.408,0,0,0,16,16,16,685,788,-795,16,16,16,-686,-789,794
0.416,0,0,0,0,0,0,711,818,-825,0,0,0,-712,-819,824
0.424,0,0,0,16,16,16,737,848,-855,16,16,16,-738,-849,854
0.432,0,0,0,0,0,0,763,879,-886,0,0,0,-764,-880,885
0.44,0,0,0,16,16,16,790,910,-918,16,16,16,-791,-911,917
0.448,0,0,0,0,0,0,818,941,-949,0,0,0,-819,-942,948
0.456,0,0,0,16,16,16,846,973,-982,16,16,16,-847,-974,981
0.464,0,0,0,0,0,0,874,1006,-1014,0,0,0,-875,-1007,1013
0.472,0,0,0,16,16,16,902,1039,-1047,16,16,16,-903,-1040,1046
0.48,0,0,0,0,0,0,931,1072,-1081,0,0,0,-932,-1073,1080
0.488,0,0,0,16,16,16,961,1106,-1115,16,16,16,-962,-1107,1114
0.496,0,0,0,0,0,0,991,1140,-1150,0,0,0,-992,-1141,1149
0.504,0,0,0,16,16,16,1021,1175,-1185,16,16,16,-1022,-1176,1184
0.512,0,0,0,0,0,0,1051,1210,-1220,0,0,0,-1052,-1211,1219
0.52,0,0,0,16,16,16,1082,1246,-1256,16,16,16,-1083,-1247,1255
0.528,0,0,0,0,0,0,1114,1282,-1292,0,0,0,-1115,-1283,1291
0.536,0,0,0,16,16,16,1145,1318,-1329,16,16,16,-1146,-1319,1328
0.544,0,0,0,0,0,0,1177,1355,-1366,0,0,0,-1178,-1356,1365
0.552,0,0,0,16,16,16,1210,1392,-1404,16,16,16,-1211,-1393,1403
0.56,0,0,0,0,0,0,1243,1430,-1442,0,0,0,-1244,-1431,1441
0.568,0,0,0,16,16,16,1276,1468,-1480,16,16,16,-1277,-1469,1479
0.576,0,0,0,0,0,0,1309,1507,-1519,0,0,0,-1310,-1508,1518
0.584,0,0,0,16,16,16,1343,1546,-1558,16,16,16,-1344,-1547,1557
0.592,0,0,0,0,0,0,1377,1585,-1598,0,0,0,-1378,-1586,1597
0.6,0,0,0,16,16,16,1412,1625,-1638,16,16,16,-1413,-1626,1637
0.608,0,0,0,0,0,0,1447,1665,-1679,0,0,0,-1448,-1666,1678
0.616,0,0,0,16,16,16,1482,1706,-1720,16,16,16,-1483,-1707,1719
0.624,0,0,0,0,0,0,1518,1747,-1761,0,0,0,-1519,-1748,1760
0.632,0,0,0,16,16,16,1554,1788,-1803,16,16,16,-1555,-1789,1802
0.64,0,0,0,0,0,0,1590,1830,-1845,0,0,0,-1591,-1831,1844
0.648,0,0,0,16,16,16,1627,1872,-1887,16,16,16,-1628,-1873,1886
0.656,0,0,0,0,0,0,1664,1915,-1930,0,0,0,-1665,-1916,1929
0.664,0,0,0,16,16,16,1701,1958,-1973,16,16,16,-1702,-1959,1972
0.672,0,0,0,0,0,0,1739,2001,-2017,0,0,0,-1740,-2002,2016
0.68,0,0,0,16,16,16,1776,2045,-2061,16,16,16,-1777,-2046,2060
0.688,0,0,0,0,0,0,1815,2089,-2105,0,0,0,-1816,-2090,2104
0.696,0,0,0,16,16,16,1853,2133,-2150,16,16,16,-1854,-2134,2149
0.704,0,0,0,0,0,0,1892,2178,-2195,0,0,0,-1893,-2179,2194
0.712,0,0,0,16,16,16,1931,2223,-2240,16,16,16,-1932,-2224,2239
0.72,0,0,0,0,0,0,1971,2268,-2286,0,0,0,-1972,-2269,2285
0.728,0,0,0,16,16,16,2010,2314,-2332,16,16,16,-2011,-2315,2331
0.736,0,0,0,0,0,0,2051,2360,-2379,0,0,0,-2052,-2361,2378
0.744,0,0,0,16,16,16,2091,2406,-2425,16,16,16,-2092,-2407,2424
0.752,0,0,0,0,0,0,2132,2453,-2473,0,0,0,-2133,-2454,2472
0.76,0,0,0,16,16,16,2173,2500,-2520,16,16,16,-2174,-2501,2519
0.768,0,0,0,0,0,0,2214,2548,-2568,0,0,0,-2215,-2549,2567
0.776,0,0,0,16,16,16,2255,2596,-2616,16,16,16,-2256,-2597,2615
0.784,0,0,0,0,0,0,2297,2644,-2664,0,0,0,-2298,-2645,2663
0.792,0,0,0,16,16,16,2339,2692,-2713,16,16,16,-2340,-2693,2712
0.8,0,0,0,0,0,0,2381,2741,-2762,0,0,0,-2382,-2742,2761
0.808,0,0,0,16,16,16,2424,2790,-2812,16,16,16,-2425,-2791,2811
0.816,0,0,0,0,0,0,2467,2839,-2861,0,0,0,-2468,-2840,2860
0.824,0,0,0,16,16,16,2510,2889,-2911,16,16,16,-2511,-2890,2910
0.832,0,0,0,0,0,0,2553,2939,-2962,0,0,0,-2554,-2940,2961
0.84,0,0,0,16,16,16,2597,2989,-3012,16,16,16,-2598,-2990,3011
0.848,0,0,0,0,0,0,2641,3040,-3063,0,0,0,-2642,-3041,3062
0.856,0,0,0,16,16,16,2685,3090,-3114,16,16,16,-2686,-3091,3113
0.864,0,0,0,0,0,0,2730,3141,-3166,0,0,0,-2731,-3142,3165
0.872,0,0,0,16,16,16,2774,3193,-3218,16,16,16,-2775,-3194,3217
0.88,0,0,0,0,0,0,2819,3245,-3270,0,0,0,-2820,-3246,3269
0.888,0,0,0,16,16,16,2864,3296,-3322,16,16,16,-2865,-3297,3321
0.896,0,0,0,0,0,0,2910,3349,-3375,0,0,0,-2911,-3350,3374
0.904,0,0,0,16,16,16,2955,3401,-3428,16,16,16,-2956,-3402,3427
0.912,0,0,0,0,0,0,3001,3454,-3481,0,0,0,-3002,-3455,3480
0.92,0,0,0,16,16,16,3047,3507,-3534,16,16,16,-3048,-3508,3533
0.928,0,0,0,0,0,0,3093,3560,-3588,0,0,0,-3094,-3561,3587
0.936,0,0,0,16,16,16,3140,3614,-3642,16,16,16,-3141,-3615,3641
0.944,0,0,0,0,0,0,3187,3667,-3696,0,0,0,-3188,-3668,3695
0.952,0,0,0,16,16,16,3234,3721,-3750,16,16,16,-3235,-3722,3749
0.96,0,0,0,0,0,0,3281,3776,-3805,0,0,0,-3282,-3777,3804
0.968,0,0,0,16,16,16,3328,3830,-3860,16,16,16,-3329,-3831,3859
0.976,0,0,0,0,0,0,3376,3885,-3915,0,0,0,-3377,-3886,3914
0.984,0,0,0,16,16,16,3423,3940,-3970,16,16,16,-3424,-3941,3969
0.992,0,0,0,0,0,0,3471,3995,-4026,0,0,0,-3472,-3996,4025
1,0,0,0,16,16,16,3519,4050,-4082,16,16,16,-3520,-4051,4081
1.008,0,0,0,0,0,0,3568,4106,-4138,0,0,0,-3569,-4107,4137
1.016,0,0,0,16,16,16,3616,4162,-4194,16,16,16,-3617,-4163,4193
1.024,0,0,0,0,0,0,3665,4218,-4251,0,0,0,-3666,-4219,4250
1.032,0,0,0,16,16,16,3714,4274,-4307,16,16,16,-3715,-4275,4306
1.04,0,0,0,0,0,0,3763,4331,-4364,0,0,0,-3764,-4332,4363
1.048,0,0,0,16,16,16,3812,4387,-4421,16,16,16,-3813,-4388,4420
1.056,0,0,0,0,0,0,3862,4444,-4479,0,0,0,-3863,-4445,4478
1.064,0,0,0,16,16,16,3911,4501,-4536,16,16,16,-3912,-4502,4535
1.072,0,0,0,0,0,0,3961,4559,-4594,0,0,0,-3962,-4560,4593
1.08,0,0,0,16,16,16,4011,4616,-4652,16,16,16,-4012,-4617,4651
1.088,0,0,0,0,0,0,4061,4674,-4710,0,0,0,-4062,-4675,4709
1.096,0,0,0,16,16,16,4111,4732,-4768,16,16,16,-4112,-4733,4767
1.104,0,0,0,0,0,0,4162,4790,-4827,0,0,0,-4163,-4791,4826
1.112,0,0,0,16,16,16,4212,4848,-4885,16,16,16,-4213,-4849,4884
1.12,0,0,0,0,0,0,4263,4906,-4944,0,0,0,-4264,-4907,4943
1.128,0,0,0,16,16,16,4314,4965,-5003,16,16,16,-4315,-4966,5002
1.136,0,0,0,0,0,0,4365,5023,-5062,0,0,0,-4366,-5024,5061
1.144,0,0,0,16,16,16,4416,5082,-5121,16,16,16,-4417,-5083,5120
1.152,0,0,0,0,0,0,4467,5141,-5181,0,0,0,-4468,-5142,5180
1.16,0,0,0,16,16,16,4519,5200,-5240,16,16,16,-4520,-5201,5239
1.168,0,0,0,0,0,0,4570,5260,-5300,0,0,0,-4571,-5261,5299
1.176,0,0,0,16,16,16,4622,5319,-5360,16,16,16,-4623,-5320,5359
1.184,0,0,0,0,0,0,4674,5379,-5420,0,0,0,-4675,-5380,5419
1.192,0,0,0,16,16,16,4726,5439,-5480,16,16,16,-4727,-5440,5479
1.2,0,0,0,0,0,0,4778,5498,-5541,0,0,0,-4779,-5499,5540
1.208,0,0,0,16,16,16,4830,5558,-5601,16,16,16,-4831,-5559,5600
1.216,0,0,0,0,0,0,4882,5619,-5662,0,0,0,-4883,-5620,5661
1.224,0,0,0,16,16,16,4934,5679,-5722,16,16,16,-4935,-5680,5721
1.232,0,0,0,0,0,0,4987,5739,-5783,0,0,0,-4988,-5740,5782
1.24,0,0,0,16,16,16,5039,5800,-5844,16,16,16,-5040,-5801,5843
1.248,0,0,0,0,0,0,5092,5860,-5905,0,0,0,-5093,-5861,5904
1.256,0,0,0,16,16,16,5145,5921,-5966,16,16,16,-5146,-5922,5965
1.264,0,0,0,0,0,0,5198,5982,-6028,0,0,0,-5199,-5983,6027
1.272,0,0,0,16,16,16,5251,6043,-6089,16,16,16,-5252,-6044,6088
1.28,0,0,0,0,0,0,5304,6104,-6151,0,0,0,-5305,-6105,6150
1.288,0,0,0,16,16,16,5357,6165,-6212,16,16,16,-5358,-6166,6211
1.296,0,0,0,0,0,0,5410,6226,-6274,0,0,0,-5411,-6227,6273
1.304,0,0,0,16,16,16,5463,6287,-6336,16,16,16,-5464,-6288,6335
1.312,0,0,0,0,0,0,5517,6349,-6397,0,0,0,-5518,-6350,6396
1.32,0,0,0,16,16,16,5570,6410,-6459,16,16,16,-5571,-6411,6458
1.328,0,0,0,0,0,0,5623,6472,-6521,0,0,0,-5624,-6473,6520
1.336,0,0,0,16,16,16,5677,6534,-6584,16,16,16,-5678,-6535,6583
1.344,0,0,0,0,0,0,5731,6595,-6646,0,0,0,-5732,-6596,6645
1.352,0,0,0,16,16,16,5784,6657,-6708,16,16,16,-5785,-6658,6707
1.36,0,0,0,0,0,0,5838,6719,-6770,0,0,0,-5839,-6720,6769
1.368,0,0,0,16,16,16,5892,6781,-6833,16,16,16,-5893,-6782,6832
1.376,0,0,0,0,0,0,5946,6843,-6895,0,0,0,-5947,-6844,6894
1.384,0,0,0,16,16,16,6000,6905,-6957,16,16,16,-6001,-6906,6956
1.392,0,0,0,0,0,0,6053,6967,-7020,0,0,0,-6054,-6968,7019
1.4,0,0,0,16,16,16,6107,7029,-7083,16,16,16,-6108,-7030,7082
1.408,0,0,0,0,0,0,6161,7091,-7145,0,0,0,-6162,-7092,7144
1.416,0,0,0,16,16,16,6215,7153,-7208,16,16,16,-6216,-7154,7207
1.424,0,0,0,0,0,0,6270,7215,-7270,0,0,0,-6271,-7216,7269
1.432,0,0,0,16,16,16,6324,7278,-7333,16,16,16,-6325,-7279,7332
1.44,0,0,0,0,0,0,6378,7340,-7396,0,0,0,-6379,-7341,7395
1.448,0,0,0,16,16,16,6432,7402,-7459,16,16,16,-6433,-7403,7458
1.456,0,0,0,0,0,0,6486,7465,-7522,0,0,0,-6487,-7466,7521
1.464,0,0,0,16,16,16,6540,7527,-7584,16,16,16,-6541,-7528,7583
1.472,0,0,0,0,0,0,6594,7589,-7647,0,0,0,-6595,-7590,7646
1.48,0,0,0,16,16,16,6649,7652,-7710,16,16,16,-6650,-7653,7709
1.488,0,0,0,0,0,0,6703,7714,-7773,0,0,0,-6704,-7715,7772
1.496,0,0,0,16,16,16,6757,7776,-7836,16,16,16,-6758,-7777,7835
1.504,0,0,0,0,0,0,6811,7839,-7899,0,0,0,-6812,-7840,7898
1.512,0,0,0,16,16,16,6865,7901,-7961,16,16,16,-6866,-7902,7960
1.52,0,0,0,0,0,0,6920,7964,-8024,0,0,0,-6921,-7965,8023
1.528,0,0,0,16,16,16,6974,8026,-8087,16,16,16,-6975,-8027,8086
1.536,0,0,0,0,0,0,7028,8088,-8150,0,0,0,-7029,-8089,8149
1.544,0,0,0,16,16,16,7082,8151,-8213,16,16,16,-7083,-8152,8212
1.552,0,0,0,0,0,0,7136,8213,-8275,0,0,0,-7137,-8214,8274
1.56,0,0,0,16,16,16,7190,8275,-8338,16,16,16,-7191,-8276,8337
1.568,0,0,0,0,0,0,7244,8337,-8401,0,0,0,-7245,-8338,8400
1.576,0,0,0,16,16,16,7299,8400,-8464,16,16,16,-7300,-8401,8463
1.584,0,0,0,0,0,0,7353,8462,-8526,0,0,0,-7354,-8463,8525
1.592,0,0,0,16,16,16,7407,8524,-8589,16,16,16,-7408,-8525,8588
1.6,0,0,0,0,0,0,7461,8586,-8651,0,0,0,-7462,-8587,8650
1.608,0,0,0,16,16,16,7514,8648,-8714,16,16,16,-7515,-8649,8713
1.616,0,0,0,0,0,0,7568,8710,-8776,0,0,0,-7569,-8711,8775
1.624,0,0,0,16,16,16,7622,8772,-8839,16,16,16,-7623,-8773,8838
1.632,0,0,0,0,0,0,7676,8834,-8901,0,0,0,-7677,-8835,8900
1.64,0,0,0,16,16,16,7730,8896,-8963,16,16,16,-7731,-8897,8962
1.648,0,0,0,0,0,0,7783,8958,-9026,0,0,0,-7784,-8959,9025
1.656,0,0,0,16,16,16,7837,9019,-9088,16,16,16,-7838,-9020,9087
1.664,0,0,0,0,0,0,7890,9081,-9150,0,0,0,-7891,-9082,9149
1.672,0,0,0,16,16,16,7944,9143,-9212,16,16,16,-7945,-9144,9211
1.68,0,0,0,0,0,0,7997,9204,-9274,0,0,0,-7998,-9205,9273
1.688,0,0,0,16,16,16,8051,9265,-9336,16,16,16,-8052,-9266,9335
1.696,0,0,0,0,0,0,8104,9327,-9398,0,0,0,-8105,-9328,9397
1.704,0,0,0,16,16,16,8157,9388,-9459,16,16,16,-8158,-9389,9458
1.712,0,0,0,0,0,0,8210,9449,-9521,0,0,0,-8211,-9450,9520
1.72,0,0,0,16,16,16,8263,9510,-9582,16,16,16,-8264,-9511,9581
1.728,0,0,0,0,0,0,8316,9571,-9644,0,0,0,-8317,-9572,9643
1.736,0,0,0,16,16,16,8369,9632,-9705,16,16,16,-8370,-9633,9704
1.744,0,0,0,0,0,0,8422,9693,-9766,0,0,0,-8423,-9694,9765
1.752,0,0,0,16,16,16,8475,9753,-9827,16,16,16,-8476,-9754,9826
1.76,0,0,0,0,0,0,8527,9814,-9888,0,0,0,-8528,-9815,9887
1.768,0,0,0,16,16,16,8580,9874,-9949,16,16,16,-8581,-9875,9948
1.776,0,0,0,0,0,0,8632,9934,-10010,0,0,0,-8633,-9935,10009
1.784,0,0,0,16,16,16,8684,9994,-10070,16,16,16,-8685,-9995,10069
1.792,0,0,0,0,0,0,8736,10054,-10131,0,0,0,-8737,-10055,10130
1.8,0,0,0,16,16,16,8788,10114,-10191,16,16,16,-8789,-10115,10190
1.808,0,0,0,0,0,0,8840,10174,-10251,0,0,0,-8841,-10175,10250
1.816,0,0,0,16,16,16,8892,10234,-10311,16,16,16,-8893,-10235,10310
1.824,0,0,0,0,0,0,8944,10293,-10371,0,0,0,-8945,-10294,10370
1.832,0,0,0,16,16,16,8995,10352,-10431,16,16,16,-8996,-10353,10430
1.84,0,0,0,0,0,0,9047,10412,-10491,0,0,0,-9048,-10413,10490
1.848,0,0,0,16,16,16,9098,10471,-10550,16,16,16,-9099,-10472,10549
1.856,0,0,0,0,0,0,9149,10529,-10609,0,0,0,-9150,-10530,10608
1.864,0,0,0,16,16,16,9200,10588,-10668,16,16,16,-9201,-10589,10667
1.872,0,0,0,0,0,0,9251,10647,-10727,0,0,0,-9252,-10648,10726
1.88,0,0,0,16,16,16,9302,10705,-10786,16,16,16,-9303,-10706,10785
1.888,0,0,0,0,0,0,9352,10763,-10845,0,0,0,-9353,-10764,10844
1.896,0,0,0,16,16,16,9403,10821,-10903,16,16,16,-9404,-10822,10902
1.904,0,0,0,0,0,0,9453,10879,-10962,0,0,0,-9454,-10880,10961
1.912,0,0,0,16,16,16,9503,10937,-11020,16,16,16,-9504,-10938,11019
1.92,0,0,0,0,0,0,9553,10994,-11078,0,0,0,-9554,-10995,11077
1.928,0,0,0,16,16,16,9603,11051,-11135,16,16,16,-9604,-11052,11134
1.936,0,0,0,0,0,0,9652,11109,-11193,0,0,0,-9653,-11110,11192
1.944,0,0,0,16,16,16,9702,11165,-11250,16,16,16,-9703,-11166,11249
1.952,0,0,0,0,0,0,9751,11222,-11307,0,0,0,-9752,-11223,11306
1.96,0,0,0,16,16,16,9800,11279,-11364,16,16,16,-9801,-11280,11363
1.968,0,0,0,0,0,0,9849,11335,-11421,0,0,0,-9850,-11336,11420
1.976,0,0,0,16,16,16,9898,11391,-11477,16,16,16,-9899,-11392,11476
1.984,0,0,0,0,0,0,9946,11447,-11534,0,0,0,-9947,-11448,11533
1.992,0,0,0,16,16,16,9995,11502,-11590,16,16,16,-9996,-11503,11589
2,0,0,0,0,0,0,10043,11558,-11645,0,0,0,-10044,-11559,11644
2.008,0,0,0,16,16,16,10091,11613,-11701,16,16,16,-10092,-11614,11700
2.016,0,0,0,0,0,0,10138,11668,-11756,0,0,0,-10139,-11669,11755
2.024,0,0,0,16,16,16,10186,11723,-11811,16,16,16,-10187,-11724,11810
2.032,0,0,0,0,0,0,10233,11777,-11866,0,0,0,-10234,-11778,11865
2.04,0,0,0,16,16,16,10280,11831,-11921,16,16,16,-10281,-11832,11920
2.048,0,0,0,0,0,0,10327,11885,-11975,0,0,0,-10328,-11886,11974
2.056,0,0,0,16,16,16,10374,11939,-12030,16,16,16,-10375,-11940,12029
2.064,0,0,0,0,0,0,10421,11993,-12084,0,0,0,-10422,-11994,12083
2.072,0,0,0,16,16,16,10467,12046,-12137,16,16,16,-10468,-12047,12136
2.08,0,0,0,0,0,0,10513,12099,-12191,0,0,0,-10514,-12100,12190
2.088,0,0,0,16,16,16,10559,12152,-12244,16,16,16,-10560,-12153,12243
2.096,0,0,0,0,0,0,10604,12204,-12297,0,0,0,-10605,-12205,12296
2.104,0,0,0,16,16,16,10650,12256,-12349,16,16,16,-10651,-12257,12348
2.112,0,0,0,0,0,0,10695,12308,-12402,0,0,0,-10696,-12309,12401
2.12,0,0,0,16,16,16,10740,12360,-12454,16,16,16,-10741,-12361,12453
2.128,0,0,0,0,0,0,10784,12411,-12505,0,0,0,-10785,-12412,12504
2.136,0,0,0,16,16,16,10829,12463,-12557,16,16,16,-10830,-12464,12556
2.144,0,0,0,0,0,0,10873,12513,-12608,0,0,0,-10874,-12514,12607
2.152,0,0,0,16,16,16,10917,12564,-12659,16,16,16,-10918,-12565,12658
2.16,0,0,0,0,0,0,10961,12614,-12710,0,0,0,-10962,-12615,12709
2.168,0,0,0,16,16,16,11004,12664,-12760,16,16,16,-11005,-12665,12759
2.176,0,0,0,0,0,0,11047,12714,-12810,0,0,0,-11048,-12715,12809
2.184,0,0,0,16,16,16,11090,12763,-12860,16,16,16,-11091,-12764,12859
2.192,0,0,0,0,0,0,11133,12812,-12909,0,0,0,-11134,-12813,12908
2.2,0,0,0,16,16,16,11175,12861,-12958,16,16,16,-11176,-12862,12957
2.208,0,0,0,0,0,0,11217,12909,-13007,0,0,0,-11218,-12910,13006
2.216,0,0,0,16,16,16,11259,12957,-13055,16,16,16,-11260,-12958,13054
2.224,0,0,0,0,0,0,11300,13005,-13104,0,0,0,-11301,-13006,13103
2.232,0,0,0,16,16,16,11341,13053,-13151,16,16,16,-11342,-13054,13150
2.24,0,0,0,0,0,0,11382,13100,-13199,0,0,0,-11383,-13101,13198
2.248,0,0,0,16,16,16,11423,13146,-13246,16,16,16,-11424,-13147,13245
2.256,0,0,0,0,0,0,11463,13193,-13293,0,0,0,-11464,-13194,13292
2.264,0,0,0,16,16,16,11503,13239,-13339,16,16,16,-11504,-13240,13338
2.272,0,0,0,0,0,0,11543,13285,-13385,0,0,0,-11544,-13286,13384
2.28,0,0,0,16,16,16,11583,13330,-13431,16,16,16,-11584,-13331,13430
2.288,0,0,0,0,0,0,11622,13375,-13476,0,0,0,-11623,-13376,13475
2.296,0,0,0,16,16,16,11661,13420,-13522,16,16,16,-11662,-13421,13521
2.304,0,0,0,0,0,0,11699,13464,-13566,0,0,0,-11700,-13465,13565
2.312,0,0,0,16,16,16,11738,13508,-13611,16,16,16,-11739,-13509,13610
2.32,0,0,0,0,0,0,11775,13552,-13655,0,0,0,-11776,-13553,13654
2.328,0,0,0,16,16,16,11813,13595,-13698,16,16,16,-11814,-13596,13697
2.336,0,0,0,0,0,0,11850,13638,-13741,0,0,0,-11851,-13639,13740
2.344,0,0,0,16,16,16,11887,13681,-13784,16,16,16,-11888,-13682,13783
2.352,0,0,0,0,0,0,11924,13723,-13827,0,0,0,-11925,-13724,13826
2.36,0,0,0,16,16,16,11960,13765,-13869,16,16,16,-11961,-13766,13868
2.368,0,0,0,0,0,0,11996,13806,-13910,0,0,0,-11997,-13807,13909
2.376,0,0,0,16,16,16,12032,13847,-13952,16,16,16,-12033,-13848,13951
2.384,0,0,0,0,0,0,12067,13888,-13993,0,0,0,-12068,-13889,13992
2.392,0,0,0,16,16,16,12102,13928,-14033,16,16,16,-12103,-13929,14032
2.4,0,0,0,0,0,0,12137,13968,-14073,0,0,0,-12138,-13969,14072
2.408,0,0,0,16,16,16,12171,14007,-14113,16,16,16,-12172,-14008,14112
2.416,0,0,0,0,0,0,12205,14046,-14152,0,0,0,-12206,-14047,14151
2.424,0,0,0,16,16,16,12238,14085,-14191,16,16,16,-12239,-14086,14190
2.432,0,0,0,0,0,0,12271,14123,-14230,0,0,0,-12272,-14124,14229
2.44,0,0,0,16,16,16,12304,14160,-14268,16,16,16,-12305,-14161,14267
2.448,0,0,0,0,0,0,12337,14198,-14305,0,0,0,-12338,-14199,14304
2.456,0,0,0,16,16,16,12369,14235,-14342,16,16,16,-12370,-14236,14341
2.464,0,0,0,0,0,0,12400,14271,-14379,0,0,0,-12401,-14272,14378
2.472,0,0,0,16,16,16,12432,14307,-14415,16,16,16,-12433,-14308,14414
2.48,0,0,0,0,0,0,12463,14343,-14451,0,0,0,-12464,-14344,14450
2.488,0,0,0,16,16,16,12493,14378,-14487,16,16,16,-12494,-14379,14486
2.496,0,0,0,0,0,0,12523,14413,-14522,0,0,0,-12524,-14414,14521
2.504,0,0,0,16,16,16,12553,14447,-14556,16,16,16,-12554,-14448,14555
2.512,0,0,0,0,0,0,12583,14481,-14590,0,0,0,-12584,-14482,14589
2.52,0,0,0,16,16,16,12612,14514,-14624,16,16,16,-12613,-14515,14623
2.528,0,0,0,0,0,0,12640,14547,-14657,0,0,0,-12641,-14548,14656
2.536,0,0,0,16,16,16,12668,14580,-14690,16,16,16,-12669,-14581,14689
2.544,0,0,0,0,0,0,12696,14612,-14722,0,0,0,-12697,-14613,14721
2.552,0,0,0,16,16,16,12724,14643,-14754,16,16,16,-12725,-14644,14753
2.56,0,0,0,0,0,0,12751,14674,-14785,0,0,0,-12752,-14675,14784
2.568,0,0,0,16,16,16,12777,14705,-14816,16,16,16,-12778,-14706,14815
2.576,0,0,0,0,0,0,12803,14735,-14846,0,0,0,-12804,-14736,14845
2.584,0,0,0,16,16,16,12829,14765,-14876,16,16,16,-12830,-14766,14875
2.592,0,0,0,0,0,0,12854,14794,-14906,0,0,0,-12855,-14795,14905
2.6,0,0,0,16,16,16,12879,14822,-14934,16,16,16,-12880,-14823,14933
2.608,0,0,0,0,0,0,12904,14851,-14963,0,0,0,-12905,-14852,14962
2.616,0,0,0,16,16,16,12928,14878,-14991,16,16,16,-12929,-14879,14990
2.624,0,0,0,0,0,0,12951,14905,-15018,0,0,0,-12952,-14906,15017
2.632,0,0,0,16,16,16,12975,14932,-15045,16,16,16,-12976,-14933,15044
2.64,0,0,0,0,0,0,12997,14958,-15071,0,0,0,-12998,-14959,15070
2.648,0,0,0,16,16,16,13020,14984,-15097,16,16,16,-13021,-14985,15096
2.656,0,0,0,0,0,0,13041,15009,-15122,0,0,0,-13042,-15010,15121
2.664,0,0,0,16,16,16,13063,15034,-15147,16,16,16,-13064,-15035,15146
2.672,0,0,0,0,0,0,13084,15058,-15171,0,0,0,-13085,-15059,15170
2.68,0,0,0,16,16,16,13104,15081,-15195,16,16,16,-13105,-15082,15194
2.688,0,0,0,0,0,0,13124,15104,-15218,0,0,0,-13125,-15105,15217
2.696,0,0,0,16,16,16,13144,15127,-15241,16,16,16,-13145,-15128,15240
2.704,0,0,0,0,0,0,13163,15149,-15263,0,0,0,-13164,-15150,15262
2.712,0,0,0,16,16,16,13182,15170,-15285,16,16,16,-13183,-15171,15284
2.72,0,0,0,0,0,0,13200,15191,-15306,0,0,0,-13201,-15192,15305
2.728,0,0,0,16,16,16,13217,15211,-15326,16,16,16,-13218,-15212,15325
2.736,0,0,0,0,0,0,13235,15231,-15346,0,0,0,-13236,-15232,15345
2.744,0,0,0,16,16,16,13251,15251,-15366,16,16,16,-13252,-15252,15365
2.752,0,0,0,0,0,0,13268,15269,-15385,0,0,0,-13269,-15270,15384
2.76,0,0,0,16,16,16,13283,15287,-15403,16,16,16,-13284,-15288,15402
2.768,0,0,0,0,0,0,13299,15305,-15421,0,0,0,-13300,-15306,15420
2.776,0,0,0,16,16,16,13313,15322,-15438,16,16,16,-13314,-15323,15437
2.784,0,0,0,0,0,0,13328,15338,-15454,0,0,0,-13329,-15339,15453
2.792,0,0,0,16,16,16,13341,15354,-15470,16,16,16,-13342,-15355,15469
2.8,0,0,0,0,0,0,13355,15369,-15486,0,0,0,-13356,-15370,15485
2.808,0,0,0,16,16,16,13367,15384,-15500,16,16,16,-13368,-15385,15499
2.816,0,0,0,0,0,0,13380,15398,-15515,0,0,0,-13381,-15399,15514
2.824,0,0,0,16,16,16,13391,15412,-15528,16,16,16,-13392,-15413,15527
2.832,0,0,0,0,0,0,13403,15425,-15541,0,0,0,-13404,-15426,15540
2.84,0,0,0,16,16,16,13413,15437,-15554,16,16,16,-13414,-15438,15553
2.848,0,0,0,0,0,0,13424,15449,-15565,0,0,0,-13425,-15450,15564
2.856,0,0,0,16,16,16,13433,15460,-15577,16,16,16,-13434,-15461,15576
2.864,0,0,0,0,0,0,13442,15470,-15587,0,0,0,-13443,-15471,15586
2.872,0,0,0,16,16,16,13451,15480,-15597,16,16,16,-13452,-15481,15596
2.88,0,0,0,0,0,0,13459,15490,-15607,0,0,0,-13460,-15491,15606
2.888,0,0,0,16,16,16,13467,15498,-15615,16,16,16,-13468,-15499,15614
2.896,0,0,0,0,0,0,13474,15506,-15624,0,0,0,-13475,-15507,15623
2.904,0,0,0,16,16,16,13480,15514,-15631,16,16,16,-13481,-15515,15630
2.912,0,0,0,0,0,0,13486,15521,-15638,0,0,0,-13487,-15522,15637
2.92,0,0,0,16,16,16,13491,15527,-15644,16,16,16,-13492,-15528,15643
2.928,0,0,0,0,0,0,13496,15532,-15650,0,0,0,-13497,-15533,15649
2.936,0,0,0,16,16,16,13500,15537,-15655,16,16,16,-13501,-15538,15654
2.944,0,0,0,0,0,0,13504,15541,-15659,0,0,0,-13505,-15542,15658
2.952,0,0,0,16,16,16,13507,15545,-15663,16,16,16,-13508,-15546,15662
2.96,0,0,0,0,0,0,13510,15548,-15666,0,0,0,-13511,-15549,15665
2.968,0,0,0,16,16,16,13512,15550,-15668,16,16,16,-13513,-15551,15667
2.976,0,0,0,0,0,0,13513,15552,-15670,0,0,0,-13514,-15553,15669
2.984,0,0,0,16,16,16,13514,15553,-15671,16,16,16,-13515,-15554,15670
2.992,0,0,0,0,0,0,13530,15569,-15655,0,0,0,-13499,-15538,15686
3,0,0,0,1231,16,-616,14624,16799,-16932,-1232,-1,615,-14625,-16800,16931
3.008,0,0,0,1837,2,-919,15689,17412,-17553,-1838,-3,918,-15690,-17413,17552
3.016,0,0,0,2990,5,-1496,17712,18576,-18733,-2991,-6,1495,-17713,-18577,18732
3.024,0,0,0,4264,11,-2133,19946,19861,-20034,-4265,-12,2132,-19947,-19862,20033
3.032,0,0,0,5573,20,-2787,22244,21179,-21372,-5574,-21,2786,-22245,-21180,21371
3.04,0,0,0,6896,30,-3449,24566,22509,-22721,-6897,-31,3448,-24567,-22510,22720
3.048,0,0,0,8224,43,-4112,26896,23842,-24075,-8225,-44,4111,-26897,-23843,24074
3.056,0,0,0,9553,59,-4777,29229,25175,-25428,-9554,-60,4776,-29230,-25176,25427
3.064,0,0,0,10882,76,-5441,31561,26505,-26780,-10883,-77,5440,-31562,-26506,26779
3.072,0,0,0,12209,96,-6104,33891,27831,-28129,-12210,-97,6103,-33892,-27832,28128
3.08,0,0,0,13534,118,-6766,36216,29153,-29474,-13535,-119,6765,-36217,-29154,29473
3.088,0,0,0,14856,143,-7427,38537,30471,-30816,-14857,-144,7426,-38538,-30472,30815
3.096,0,0,0,16175,169,-8086,40853,31784,-32153,-16176,-170,8085,-40854,-31785,32152
3.104,0,0,0,17491,198,-8743,43164,33092,-33486,-17492,-199,8742,-43165,-33093,33485
3.112,0,0,0,18804,229,-9399,45469,34394,-34814,-18805,-230,9398,-45470,-34395,34813
3.12,0,0,0,20113,262,-10053,47768,35692,-36138,-20114,-263,10052,-47769,-35693,36137
3.128,0,0,0,21418,297,-10704,50062,36984,-37457,-21419,-298,10703,-50063,-36985,37456
3.136,0,0,0,22720,334,-11354,52349,38271,-38771,-22721,-335,11353,-52350,-38272,38770
3.144,0,0,0,24019,374,-12002,54630,39552,-40081,-24020,-375,12001,-54631,-39553,40080
3.152,0,0,0,25313,415,-12648,56905,40829,-41386,-25314,-416,12647,-56906,-40830,41385
3.16,0,0,0,26604,459,-13292,59174,42099,-42686,-26605,-460,13291,-59175,-42100,42685
3.168,0,0,0,27891,504,-13934,61436,43365,-43981,-27892,-505,13933,-61437,-43366,43980
3.176,0,0,0,29174,552,-14574,63692,44625,-45271,-29175,-553,14573,-63693,-44626,45270
3.184,0,0,0,30454,601,-15212,65941,45879,-46557,-30455,-602,15211,-65942,-45880,46556
3.192,0,0,0,31729,653,-15847,68184,47128,-47837,-31730,-654,15846,-68185,-47129,47836
3.2,0,0,0,33001,706,-16481,70421,48372,-49113,-33002,-707,16480,-70422,-48373,49112
3.208,0,0,0,34268,762,-17112,72651,49611,-50384,-34269,-763,17111,-72652,-49612,50383
3.216,0,0,0,35532,819,-17742,74875,50844,-51650,-35533,-820,17741,-74876,-50845,51649
3.224,0,0,0,36792,878,-18369,77092,52071,-52912,-36793,-879,18368,-77093,-52072,52911
3.232,0,0,0,38047,939,-18994,79303,53294,-54168,-38048,-940,18993,-79304,-53295,54167
3.24,0,0,0,39299,1002,-19616,81507,54510,-55420,-39300,-1003,19615,-81508,-54511,55419
3.248,0,0,0,40547,1067,-20237,83704,55722,-56666,-40548,-1068,20236,-83705,-55723,56665
3.256,0,0,0,41790,1133,-20855,85895,56928,-57908,-41791,-1134,20854,-85896,-56929,57907
3.264,0,0,0,43030,1201,-21471,88079,58129,-59145,-43031,-1202,21470,-88080,-58130,59144
3.272,0,0,0,44265,1271,-22085,90257,59325,-60377,-44266,-1272,22084,-90258,-59326,60376
3.28,0,0,0,45497,1343,-22696,92428,60515,-61605,-45498,-1344,22695,-92429,-60516,61604
3.288,0,0,0,46724,1417,-23306,94592,61700,-62827,-46725,-1418,23305,-94593,-61701,62826
3.296,0,0,0,47947,1492,-23913,96750,62879,-64045,-47948,-1493,23912,-96751,-62880,64044
3.304,0,0,0,49166,1569,-24517,98900,64054,-65258,-49167,-1570,24516,-98901,-64055,65257
3.312,0,0,0,50381,1648,-25120,101045,65223,-66466,-50382,-1649,25119,-101046,-65224,66465
3.32,0,0,0,51592,1728,-25720,103182,66386,-67669,-51593,-1729,25719,-103183,-66387,67668
3.328,0,0,0,52799,1810,-26317,105313,67545,-68868,-52800,-1811,26316,-105314,-67546,68867
3.336,0,0,0,54001,1893,-26913,107437,68698,-70061,-54002,-1894,26912,-107438,-68699,70060
3.344,0,0,0,55199,1978,-27506,109554,69846,-71250,-55200,-1979,27505,-109555,-69847,71249
3.352,0,0,0,56393,2065,-28097,111664,70989,-72434,-56394,-2066,28096,-111665,-70990,72433
3.36,0,0,0,57583,2153,-28685,113767,72126,-73613,-57584,-2154,28684,-113768,-72127,73612
3.368,0,0,0,58768,2243,-29271,115864,73258,-74787,-58769,-2244,29270,-115865,-73259,74786
3.376,0,0,0,59950,2334,-29854,117954,74385,-75957,-59951,-2335,29853,-117955,-74386,75956
3.384,0,0,0,61127,2427,-30436,120037,75507,-77122,-61128,-2428,30435,-120038,-75508,77121
3.392,0,0,0,62299,2521,-31014,122113,76624,-78282,-62300,-2522,31013,-122114,-76625,78281
3.4,0,0,0,63468,2616,-31591,124182,77735,-79437,-63469,-2617,31590,-124183,-77736,79436
3.408,0,0,0,64632,2713,-32165,126244,78841,-80587,-64633,-2714,32164,-126245,-78842,80586
3.416,0,0,0,65792,2812,-32736,128300,79942,-81733,-65793,-2813,32735,-128301,-79943,81732
3.424,0,0,0,66947,2912,-33306,130348,81038,-82873,-66948,-2913,33305,-130349,-81039,82872
3.432,0,0,0,68099,3013,-33872,132390,82129,-84009,-68100,-3014,33871,-132391,-82130,84008
3.44,0,0,0,69245,3115,-34437,134424,83214,-85140,-69246,-3116,34436,-134425,-83215,85139
3.448,0,0,0,70388,3219,-34998,136452,84295,-86267,-70389,-3220,34997,-136453,-84296,86266
3.456,0,0,0,71526,3324,-35558,138472,85370,-87388,-71527,-3325,35557,-138473,-85371,87387
3.464,0,0,0,72660,3431,-36115,140486,86440,-88505,-72661,-3432,36114,-140487,-86441,88504
3.472,0,0,0,73789,3538,-36669,142492,87505,-89617,-73790,-3539,36668,-142493,-87506,89616
3.48,0,0,0,74914,3647,-37221,144492,88564,-90724,-74915,-3648,37220,-144493,-88565,90723
3.488,0,0,0,76035,3758,-37771,146484,89619,-91827,-76036,-3759,37770,-146485,-89620,91826
3.496,0,0,0,77151,3869,-38318,148469,90669,-92924,-77152,-3870,38317,-148470,-90670,92923
3.504,0,0,0,78262,3982,-38862,150447,91713,-94017,-78263,-3983,38861,-150448,-91714,94016
3.512,0,0,0,79370,4095,-39404,152418,92752,-95105,-79371,-4096,39403,-152419,-92753,95104
3.52,0,0,0,80472,4210,-39944,154382,93786,-96188,-80473,-4211,39943,-154383,-93787,96187
3.528,0,0,0,81571,4326,-40480,156339,94815,-97267,-81572,-4327,40479,-156340,-94816,97266
3.536,0,0,0,82665,4443,-41015,158288,95839,-98340,-82666,-4444,41014,-158289,-95840,98339
3.544,0,0,0,83754,4561,-41547,160231,96858,-99409,-83755,-4562,41546,-160232,-96859,99408
3.552,0,0,0,84839,4681,-42076,162166,97872,-100473,-84840,-4682,42075,-162167,-97873,100472
3.56,0,0,0,85919,4801,-42603,164094,98880,-101533,-85920,-4802,42602,-164095,-98881,101532
3.568,0,0,0,86995,4922,-43127,166014,99884,-102587,-86996,-4923,43126,-166015,-99885,102586
3.576,0,0,0,88066,5045,-43649,167928,100882,-103637,-88067,-5046,43648,-167929,-100883,103636
3.584,0,0,0,89133,5168,-44168,169834,101876,-104682,-89134,-5169,44167,-169835,-101877,104681
3.592,0,0,0,90195,5292,-44685,171732,102864,-105722,-90196,-5293,44684,-171733,-102865,105721
3.6,0,0,0,91253,5417,-45199,173624,103847,-106757,-91254,-5418,45198,-173625,-103848,106756
3.608,0,0,0,92306,5543,-45710,175508,104825,-107787,-92307,-5544,45709,-175509,-104826,107786
3.616,0,0,0,93354,5670,-46219,177384,105798,-108813,-93355,-5671,46218,-177385,-105799,108812
3.624,0,0,0,94398,5798,-46726,179254,106766,-109834,-94399,-5799,46725,-179255,-106767,109833
3.632,0,0,0,95437,5927,-47229,181115,107729,-110850,-95438,-5928,47228,-181116,-107730,110849
3.64,0,0,0,96472,6057,-47730,182970,108687,-111861,-96473,-6058,47729,-182971,-108688,111860
3.648,0,0,0,97502,6187,-48229,184817,109640,-112867,-97503,-6188,48228,-184818,-109641,112866
3.656,0,0,0,98527,6319,-48725,186656,110588,-113869,-98528,-6320,48724,-186657,-110589,113868
3.664,0,0,0,99548,6451,-49218,188488,111531,-114866,-99549,-6452,49217,-188489,-111532,114865
3.672,0,0,0,100564,6583,-49709,190312,112468,-115858,-100565,-6584,49708,-190313,-112469,115857
3.68,0,0,0,101575,6717,-50197,192129,113401,-116845,-101576,-6718,50196,-192130,-113402,116844
3.688,0,0,0,102582,6851,-50683,193938,114328,-117827,-102583,-6852,50682,-193939,-114329,117826
3.696,0,0,0,103584,6986,-51166,195740,115251,-118804,-103585,-6987,51165,-195741,-115252,118803
3.704,0,0,0,104581,7122,-51646,197534,116168,-119777,-104582,-7123,51645,-197535,-116169,119776
3.712,0,0,0,105574,7258,-52123,199320,117081,-120744,-105575,-7259,52122,-199321,-117082,120743
3.72,0,0,0,106562,7395,-52598,201099,117988,-121707,-106563,-7396,52597,-201100,-117989,121706
3.728,0,0,0,107545,7533,-53071,202870,118891,-122665,-107546,-7534,53070,-202871,-118892,122664
3.736,0,0,0,108523,7671,-53541,204633,119788,-123618,-108524,-7672,53540,-204634,-119789,123617
3.744,0,0,0,109497,7810,-54008,206389,120680,-124566,-109498,-7811,54007,-206390,-120681,124565
3.752,0,0,0,110466,7949,-54472,208137,121567,-125510,-110467,-7950,54471,-208138,-121568,125509
3.76,0,0,0,111430,8089,-54934,209877,122450,-126448,-111431,-8090,54933,-209878,-122451,126447
3.768,0,0,0,112389,8230,-55393,211609,123327,-127382,-112390,-8231,55392,-211610,-123328,127381
3.776,0,0,0,113343,8371,-55850,213333,124199,-128310,-113344,-8372,55849,-213334,-124200,128309
3.784,0,0,0,114293,8512,-56304,215050,125066,-129234,-114294,-8513,56303,-215051,-125067,129233
3.792,0,0,0,115238,8654,-56755,216758,125928,-130153,-115239,-8655,56754,-216759,-125929,130152
3.8,0,0,0,116178,8797,-57203,218459,126785,-131067,-116179,-8798,57202,-218460,-126786,131066
3.808,0,0,0,117113,8939,-57649,220152,127637,-131976,-117114,-8940,57648,-220153,-127638,131975
3.816,0,0,0,118043,9083,-58092,221836,128484,-132880,-118044,-9084,58091,-221837,-128485,132879
3.824,0,0,0,118968,9226,-58533,223513,129326,-133779,-118969,-9227,58532,-223514,-129327,133778
3.832,0,0,0,119889,9370,-58971,225182,130163,-134673,-119890,-9371,58970,-225183,-130164,134672
3.84,0,0,0,120805,9515,-59406,226842,130994,-135563,-120806,-9516,59405,-226843,-130995,135562
3.848,0,0,0,121715,9659,-59839,228495,131821,-136447,-121716,-9660,59838,-228496,-131822,136446
3.856,0,0,0,122621,9804,-60268,230139,132643,-137327,-122622,-9805,60267,-230140,-132644,137326
3.864,0,0,0,123522,9950,-60695,231776,133460,-138201,-123523,-9951,60694,-231777,-133461,138200
3.872,0,0,0,124418,10095,-61120,233404,134271,-139070,-124419,-10096,61119,-233405,-134272,139069
3.88,0,0,0,125309,10241,-61542,235024,135078,-139935,-125310,-10242,61541,-235025,-135079,139934
3.888,0,0,0,126195,10387,-61961,236635,135879,-140795,-126196,-10388,61960,-236636,-135880,140794
3.896,0,0,0,127076,10534,-62377,238239,136676,-141649,-127077,-10535,62376,-238240,-136677,141648
3.904,0,0,0,127952,10680,-62791,239834,137467,-142499,-127953,-10681,62790,-239835,-137468,142498
3.912,0,0,0,128823,10827,-63202,241421,138254,-143343,-128824,-10828,63201,-241422,-138255,143342
3.92,0,0,0,129689,10974,-63610,242999,139035,-144183,-129690,-10975,63609,-243000,-139036,144182
3.928,0,0,0,130550,11121,-64016,244569,139811,-145017,-130551,-11122,64015,-244570,-139812,145016
3.936,0,0,0,131406,11268,-64419,246131,140582,-145847,-131407,-11269,64418,-246132,-140583,145846
3.944,0,0,0,132257,11415,-64819,247684,141349,-146671,-132258,-11416,64818,-247685,-141350,146670
3.952,0,0,0,133103,11562,-65216,249229,142110,-147491,-133104,-11563,65215,-249230,-142111,147490
3.96,0,0,0,133943,11710,-65611,250765,142866,-148305,-133944,-11711,65610,-250766,-142867,148304
3.968,0,0,0,134779,11857,-66003,252293,143617,-149114,-134780,-11858,66002,-252294,-143618,149113
3.976,0,0,0,135610,12005,-66392,253812,144362,-149918,-135611,-12006,66391,-253813,-144363,149917
3.984,0,0,0,136435,12152,-66779,255323,145103,-150717,-136436,-12153,66778,-255324,-145104,150716
3.992,0,0,0,137256,12300,-67163,256825,145839,-151511,-137257,-12301,67162,-256826,-145840,151510
4,0,0,0,138071,12447,-67544,258318,146570,-152300,-138072,-12448,67543,-258319,-146571,152299
4.008,0,0,0,138881,12594,-67923,259802,147295,-153084,-138882,-12595,67922,-259803,-147296,153083
4.016,0,0,0,139686,12742,-68298,261278,148016,-153863,-139687,-12743,68297,-261279,-148017,153862
4.024,0,0,0,140486,12889,-68671,262745,148731,-154636,-140487,-12890,68670,-262746,-148732,154635
4.032,0,0,0,141280,13036,-69041,264204,149441,-155405,-141281,-13037,69040,-264205,-149442,155404
4.04,0,0,0,142069,13183,-69409,265653,150146,-156168,-142070,-13184,69408,-265654,-150147,156167
4.048,0,0,0,142854,13330,-69774,267094,150847,-156926,-142855,-13331,69773,-267095,-150848,156925
4.056,0,0,0,143632,13477,-70136,268525,151542,-157679,-143633,-13478,70135,-268526,-151543,157678
4.064,0,0,0,144406,13623,-70495,269948,152231,-158427,-144407,-13624,70494,-269949,-152232,158426
4.072,0,0,0,145175,13769,-70852,271362,152916,-159170,-145176,-13770,70851,-271363,-152917,159169
4.08,0,0,0,145938,13915,-71206,272766,153596,-159907,-145939,-13916,71205,-272767,-153597,159906
4.088,0,0,0,146695,14061,-71557,274162,154270,-160639,-146696,-14062,71556,-274163,-154271,160638
4.096,0,0,0,147448,14207,-71905,275548,154940,-161366,-147449,-14208,71904,-275549,-154941,161365
4.104,0,0,0,148195,14352,-72251,276926,155604,-162088,-148196,-14353,72250,-276927,-155605,162087
4.112,0,0,0,148937,14497,-72593,278294,156263,-162804,-148938,-14498,72592,-278295,-156264,162803
4.12,0,0,0,149674,14642,-72934,279653,156917,-163515,-149675,-14643,72933,-279654,-156918,163514
4.128,0,0,0,150405,14786,-73271,281003,157566,-164221,-150406,-14787,73270,-281004,-157567,164220
4.136,0,0,0,151131,14930,-73605,282343,158209,-164922,-151132,-14931,73604,-282344,-158210,164921
4.144,0,0,0,151851,15074,-73937,283674,158848,-165617,-151852,-15075,73936,-283675,-158849,165616
4.152,0,0,0,152566,15217,-74266,284996,159481,-166307,-152567,-15218,74265,-284997,-159482,166306
4.16,0,0,0,153276,15360,-74593,286309,160109,-166992,-153277,-15361,74592,-286310,-160110,166991
4.168,0,0,0,153980,15503,-74916,287612,160732,-167671,-153981,-15504,74915,-287613,-160733,167670
4.176,0,0,0,154679,15645,-75237,288905,161350,-168345,-154680,-15646,75236,-288906,-161351,168344
4.184,0,0,0,155372,15786,-75555,290189,161962,-169013,-155373,-15787,75554,-290190,-161963,169012
4.192,0,0,0,156060,15927,-75870,291463,162570,-169677,-156061,-15928,75869,-291464,-162571,169676
4.2,0,0,0,156742,16068,-76182,292728,163172,-170334,-156743,-16069,76181,-292729,-163173,170333
4.208,0,0,0,157418,16208,-76492,293983,163769,-170987,-157419,-16209,76491,-293984,-163770,170986
4.216,0,0,0,158090,16348,-76799,295229,164360,-171634,-158091,-16349,76798,-295230,-164361,171633
4.224,0,0,0,158755,16487,-77103,296464,164947,-172275,-158756,-16488,77102,-296465,-164948,172274
4.232,0,0,0,159415,16625,-77404,297690,165528,-172912,-159416,-16626,77403,-297691,-165529,172911
4.24,0,0,0,160070,16763,-77703,298906,166104,-173542,-160071,-16764,77702,-298907,-166105,173541
4.248,0,0,0,160719,16900,-77998,300112,166675,-174167,-160720,-16901,77997,-300113,-166676,174166
4.256,0,0,0,161362,17037,-78291,301309,167240,-174787,-161363,-17038,78290,-301310,-167241,174786
4.264,0,0,0,162000,17173,-78581,302495,167800,-175401,-162001,-17174,78580,-302496,-167801,175400
4.272,0,0,0,162632,17308,-78869,303671,168355,-176010,-162633,-17309,78868,-303672,-168356,176009
4.28,0,0,0,163258,17443,-79153,304838,168905,-176613,-163259,-17444,79152,-304839,-168906,176612
4.288,0,0,0,163878,17576,-79435,305994,169449,-177210,-163879,-17577,79434,-305995,-169450,177209
4.296,0,0,0,164493,17710,-79714,307140,169988,-177802,-164494,-17711,79713,-307141,-169989,177801
4.304,0,0,0,165102,17842,-79990,308275,170522,-178389,-165103,-17843,79989,-308276,-170523,178388
4.312,0,0,0,165706,17974,-80263,309401,171050,-178969,-165707,-17975,80262,-309402,-171051,178968
4.32,0,0,0,166303,18105,-80533,310516,171573,-179545,-166304,-18106,80532,-310517,-171574,179544
4.328,0,0,0,166895,18235,-80801,311621,172091,-180114,-166896,-18236,80800,-311622,-172092,180113
4.336,0,0,0,167481,18364,-81066,312716,172603,-180678,-167482,-18365,81065,-312717,-172604,180677
4.344,0,0,0,168061,18493,-81328,313800,173110,-181236,-168062,-18494,81327,-313801,-173111,181235
4.352,0,0,0,168636,18620,-81587,314873,173612,-181788,-168637,-18621,81586,-314874,-173613,181787
4.36,0,0,0,169204,18747,-81843,315936,174108,-182335,-169205,-18748,81842,-315937,-174109,182334
4.368,0,0,0,169767,18873,-82096,316989,174599,-182876,-169768,-18874,82095,-316990,-174600,182875
4.376,0,0,0,170323,18998,-82347,318030,175084,-183411,-170324,-18999,82346,-318031,-175085,183410
4.384,0,0,0,170874,19122,-82595,319062,175564,-183941,-170875,-19123,82594,-319063,-175565,183940
4.392,0,0,0,171419,19245,-82839,320082,176039,-184465,-171420,-19246,82838,-320083,-176040,184464
4.4,0,0,0,171957,19367,-83081,321091,176508,-184982,-171958,-19368,83080,-321092,-176509,184981
4.408,0,0,0,172490,19488,-83320,322090,176972,-185495,-172491,-19489,83319,-322091,-176973,185494
4.416,0,0,0,173017,19609,-83557,323078,177430,-186001,-173018,-19610,83556,-323079,-177431,186000
4.424,0,0,0,173538,19728,-83790,324055,177883,-186501,-173539,-19729,83789,-324056,-177884,186500
4.432,0,0,0,174052,19846,-84020,325020,178330,-186995,-174053,-19847,84019,-325021,-178331,186994
4.44,0,0,0,174561,19963,-84248,325975,178771,-187484,-174562,-19964,84247,-325976,-178772,187483
4.448,0,0,0,175063,20079,-84473,326919,179208,-187967,-175064,-20080,84472,-326920,-179209,187966
4.456,0,0,0,175559,20194,-84694,327851,179638,-188443,-175560,-20195,84693,-327852,-179639,188442
4.464,0,0,0,176049,20308,-84913,328772,180063,-188914,-176050,-20309,84912,-328773,-180064,188913
4.472,0,0,0,176533,20421,-85129,329682,180483,-189379,-176534,-20422,85128,-329683,-180484,189378
4.48,0,0,0,177011,20532,-85342,330580,180897,-189837,-177012,-20533,85341,-330581,-180898,189836
4.488,0,0,0,177482,20643,-85552,331467,181305,-190290,-177483,-20644,85551,-331468,-181306,190289
4.496,0,0,0,177947,20752,-85759,332342,181708,-190736,-177948,-20753,85758,-332343,-181709,190735
4.504,0,0,0,178406,20860,-85964,333206,182105,-191177,-178407,-20861,85963,-333207,-182106,191176
4.512,0,0,0,178859,20967,-86165,334059,182496,-191611,-178860,-20968,86164,-334060,-182497,191610
4.52,0,0,0,179305,21073,-86363,334899,182882,-192039,-179306,-21074,86362,-334900,-182883,192038
4.528,0,0,0,179745,21177,-86559,335728,183262,-192461,-179746,-21178,86558,-335729,-183263,192460
4.536,0,0,0,180178,21280,-86751,336545,183637,-192877,-180179,-21281,86750,-336546,-183638,192876
4.544,0,0,0,180605,21382,-86940,337350,184005,-193287,-180606,-21383,86939,-337351,-184006,193286
4.552,0,0,0,181025,21483,-87127,338143,184368,-193690,-181026,-21484,87126,-338144,-184369,193689
4.56,0,0,0,181439,21582,-87310,338925,184725,-194087,-181440,-21583,87309,-338926,-184726,194086
4.568,0,0,0,181847,21680,-87491,339694,185077,-194478,-181848,-21681,87490,-339695,-185078,194477
4.576,0,0,0,182248,21776,-87668,340451,185422,-194862,-182249,-21777,87667,-340452,-185423,194861
4.584,0,0,0,182642,21871,-87842,341196,185762,-195241,-182643,-21872,87841,-341197,-185763,195240
4.592,0,0,0,183030,21965,-88014,341928,186096,-195612,-183031,-21966,88013,-341929,-186097,195611
4.6,0,0,0,183411,22058,-88182,342648,186424,-195978,-183412,-22059,88181,-342649,-186425,195977
4.608,0,0,0,183785,22149,-88348,343356,186747,-196337,-183786,-22150,88347,-343357,-186748,196336
4.616,0,0,0,184153,22238,-88510,344051,187063,-196689,-184154,-22239,88509,-344052,-187064,196688
4.624,0,0,0,184513,22326,-88669,344734,187373,-197035,-184514,-22327,88668,-344735,-187374,197034
4.632,0,0,0,184868,22413,-88825,345404,187678,-197374,-184869,-22414,88824,-345405,-187679,197373
4.64,0,0,0,185215,22498,-88978,346061,187977,-197707,-185216,-22499,88977,-346062,-187978,197706
4.648,0,0,0,185555,22581,-89128,346706,188269,-198034,-185556,-22582,89127,-346707,-188270,198033
4.656,0,0,0,185889,22663,-89275,347338,188556,-198353,-185890,-22664,89274,-347339,-188557,198352
4.664,0,0,0,186216,22744,-89419,347956,188836,-198666,-186217,-22745,89418,-347957,-188837,198665
4.672,0,0,0,186535,22823,-89559,348562,189111,-198973,-186536,-22824,89558,-348563,-189112,198972
4.68,0,0,0,186848,22900,-89697,349155,189379,-199272,-186849,-22901,89696,-349156,-189380,199271
4.688,0,0,0,187154,22976,-89831,349734,189641,-199565,-187155,-22977,89830,-349735,-189642,199564
4.696,0,0,0,187452,23050,-89962,350301,189897,-199851,-187453,-23051,89961,-350302,-189898,199850
4.704,0,0,0,187744,23122,-90090,350854,190147,-200130,-187745,-23123,90089,-350855,-190148,200129
4.712,0,0,0,188028,23193,-90215,351393,190391,-200403,-188029,-23194,90214,-351394,-190392,200402
4.72,0,0,0,188306,23262,-90337,351919,190629,-200668,-188307,-23263,90336,-351920,-190630,200667
4.728,0,0,0,188576,23329,-90455,352432,190860,-200927,-188577,-23330,90454,-352433,-190861,200926
4.736,0,0,0,188838,23395,-90570,352930,191085,-201179,-188839,-23396,90569,-352931,-191086,201178
4.744,0,0,0,189094,23459,-90682,353415,191304,-201423,-189095,-23460,90681,-353416,-191305,201422
4.752,0,0,0,189342,23521,-90791,353887,191516,-201661,-189343,-23522,90790,-353888,-191517,201660
4.76,0,0,0,189583,23582,-90896,354344,191722,-201891,-189584,-23583,90895,-354345,-191723,201890
4.768,0,0,0,189816,23640,-90998,354787,191922,-202115,-189817,-23641,90997,-354788,-191923,202114
4.776,0,0,0,190042,23697,-91097,355216,192115,-202331,-190043,-23698,91096,-355217,-192116,202330
4.784,0,0,0,190260,23752,-91192,355631,192302,-202540,-190261,-23753,91191,-355632,-192303,202539
4.792,0,0,0,190471,23805,-91285,356032,192482,-202742,-190472,-23806,91284,-356033,-192483,202741
4.8,0,0,0,190674,23856,-91373,356418,192656,-202936,-190675,-23857,91372,-356419,-192657,202935
4.808,0,0,0,190870,23906,-91459,356790,192823,-203123,-190871,-23907,91458,-356791,-192824,203122
4.816,0,0,0,191058,23953,-91541,357147,192983,-203303,-191059,-23954,91540,-357148,-192984,203302
4.824,0,0,0,191238,23999,-91619,357489,193137,-203475,-191239,-24000,91618,-357490,-193138,203474
4.832,0,0,0,191410,24043,-91695,357817,193284,-203640,-191411,-24044,91694,-357818,-193285,203639
4.84,0,0,0,191575,24084,-91766,358130,193425,-203798,-191576,-24085,91765,-358131,-193426,203797
4.848,0,0,0,191731,24124,-91835,358428,193558,-203947,-191732,-24125,91834,-358429,-193559,203946
4.856,0,0,0,191880,24162,-91899,358710,193685,-204090,-191881,-24163,91898,-358711,-193686,204089
4.864,0,0,0,192020,24198,-91961,358978,193805,-204224,-192021,-24199,91960,-358979,-193806,204223
4.872,0,0,0,192153,24231,-92018,359230,193918,-204351,-192154,-24232,92017,-359231,-193919,204350
4.88,0,0,0,192277,24263,-92073,359467,194024,-204470,-192278,-24264,92072,-359468,-194025,204469
4.888,0,0,0,192393,24293,-92123,359688,194123,-204581,-192394,-24294,92122,-359689,-194124,204580
4.896,0,0,0,192501,24320,-92170,359894,194216,-204684,-192502,-24321,92169,-359895,-194217,204683
4.904,0,0,0,192601,24346,-92214,360084,194301,-204780,-192602,-24347,92213,-360085,-194302,204779
4.912,0,0,0,192693,24369,-92254,360258,194379,-204867,-192694,-24370,92253,-360259,-194380,204866
4.92,0,0,0,192776,24390,-92290,360416,194449,-204947,-192777,-24391,92289,-360417,-194450,204946
4.928,0,0,0,192850,24409,-92322,360558,194513,-205018,-192851,-24410,92321,-360559,-194514,205017
4.936,0,0,0,192916,24426,-92351,360684,194569,-205081,-192917,-24427,92350,-360685,-194570,205080
4.944,0,0,0,192974,24441,-92376,360793,194618,-205136,-192975,-24442,92375,-360794,-194619,205135
4.952,0,0,0,193022,24453,-92397,360886,194660,-205183,-193023,-24454,92396,-360887,-194661,205182
4.96,0,0,0,193062,24464,-92415,360962,194694,-205221,-193063,-24465,92414,-360963,-194695,205220
4.968,0,0,0,193094,24472,-92428,361022,194721,-205251,-193095,-24473,92427,-361023,-194722,205250
4.976,0,0,0,193116,24477,-92438,361065,194740,-205272,-193117,-24478,92437,-361066,-194741,205271
4.984,0,0,0,193130,24481,-92444,361090,194751,-205285,-193131,-24482,92443,-361091,-194752,205284
4.992,0,0,0,193134,24482,-92446,361099,194755,-205290,-193135,-24483,92445,-361100,-194756,205289
5,0,0,0,193150,24498,-92430,361115,194771,-205274,-193119,-24467,92461,-361084,-194740,205305
5.008,0,0,0,193133,24486,-92443,361099,194753,-205292,-193137,-24479,92448,-361100,-194759,205286
5.016,0,0,0,193128,24499,-92433,361098,194745,-205299,-193141,-24465,92458,-361101,-194766,205279
5.024,0,0,0,193120,24521,-92417,361096,194733,-205311,-193149,-24444,92474,-361102,-194778,205267
5.032,0,0,0,193110,24551,-92394,361094,194716,-205328,-193160,-24414,92497,-361104,-194795,205251
5.04,0,0,0,193096,24590,-92365,361092,194695,-205349,-193173,-24375,92525,-361107,-194816,205230
5.048,0,0,0,193080,24637,-92330,361089,194669,-205374,-193190,-24328,92560,-361110,-194843,205204
5.056,0,0,0,193060,24692,-92289,361085,194638,-205405,-193209,-24273,92602,-361113,-194873,205174
5.064,0,0,0,193038,24755,-92242,361081,194602,-205439,-193231,-24209,92649,-361117,-194909,205139
5.072,0,0,0,193012,24827,-92188,361076,194562,-205478,-193256,-24138,92702,-361121,-194948,205099
5.08,0,0,0,192984,24906,-92129,361070,194517,-205521,-193284,-24059,92761,-361126,-194993,205056
5.088,0,0,0,192953,24993,-92064,361064,194468,-205569,-193315,-23971,92827,-361131,-195041,205007
5.096,0,0,0,192920,25088,-91993,361057,194415,-205620,-193348,-23876,92898,-361136,-195094,204955
5.104,0,0,0,192883,25191,-91916,361049,194357,-205676,-193384,-23773,92974,-361142,-195151,204898
5.112,0,0,0,192844,25301,-91833,361041,194294,-205736,-193422,-23663,93057,-361148,-195212,204837
5.12,0,0,0,192802,25419,-91745,361032,194227,-205800,-193463,-23544,93145,-361154,-195277,204771
5.128,0,0,0,192757,25545,-91651,361022,194156,-205867,-193507,-23419,93238,-361160,-195346,204702
5.136,0,0,0,192709,25677,-91552,361011,194081,-205939,-193553,-23286,93337,-361166,-195419,204628
5.144,0,0,0,192659,25817,-91447,360999,194001,-206014,-193601,-23145,93442,-361172,-195496,204549
5.152,0,0,0,192606,25964,-91337,360987,193917,-206093,-193652,-22998,93551,-361179,-195577,204467
5.16,0,0,0,192550,26118,-91222,360973,193829,-206175,-193706,-22843,93666,-361185,-195661,204380
5.168,0,0,0,192492,26279,-91101,360958,193737,-206261,-193761,-22681,93786,-361191,-195749,204289
5.176,0,0,0,192431,26447,-90975,360943,193640,-206351,-193819,-22513,93912,-361197,-195841,204195
5.184,0,0,0,192368,26622,-90844,360926,193540,-206444,-193879,-22337,94042,-361203,-195936,204096
5.192,0,0,0,192302,26803,-90708,360908,193435,-206540,-193941,-22154,94177,-361209,-196035,203993
5.2,0,0,0,192233,26991,-90566,360889,193326,-206639,-194005,-21965,94318,-361214,-196136,203885
5.208,0,0,0,192162,27186,-90420,360869,193213,-206742,-194071,-21769,94463,-361219,-196241,203774
5.216,0,0,0,192088,27387,-90269,360847,193096,-206847,-194139,-21567,94613,-361223,-196350,203659
5.224,0,0,0,192012,27594,-90113,360825,192974,-206956,-194210,-21358,94767,-361227,-196461,203540
5.232,0,0,0,191933,27807,-89952,360800,192849,-207067,-194282,-21143,94926,-361230,-196576,203416
5.24,0,0,0,191851,28027,-89787,360775,192720,-207182,-194356,-20921,95090,-361233,-196693,203289
5.248,0,0,0,191767,28253,-89617,360747,192587,-207299,-194431,-20693,95258,-361235,-196813,203158
5.256,0,0,0,191681,28484,-89442,360719,192450,-207418,-194509,-20459,95431,-361237,-196936,203023
5.264,0,0,0,191592,28721,-89263,360688,192309,-207541,-194588,-20219,95608,-361221,-197062,202884
5.272,0,0,0,191500,28965,-89080,360656,192164,-207665,-194669,-19973,95789,-361237,-197190,202741
5.28,0,0,0,191407,29214,-88892,360623,192015,-207792,-194751,-19721,95975,-361235,-197321,202594
5.288,0,0,0,191310,29468,-88700,360587,191862,-207922,-194835,-19464,96164,-361233,-197454,202443
5.296,0,0,0,191211,29728,-88503,360550,191705,-208054,-194921,-19200,96358,-361229,-197590,202289
5.304,0,0,0,191110,29993,-88302,360511,191545,-208188,-195008,-18931,96556,-361225,-197728,202130
5.312,0,0,0,191007,30264,-88097,360470,191381,-208324,-195096,-18656,96757,-361219,-197869,201968
5.32,0,0,0,190900,30540,-87889,360427,191212,-208462,-195186,-18376,96963,-361212,-198011,201802
5.328,0,0,0,190792,30820,-87676,360382,191040,-208602,-195277,-18091,97172,-361204,-198156,201632
5.336,0,0,0,190681,31106,-87459,360335,190865,-208743,-195369,-17800,97384,-361194,-198302,201458
5.344,0,0,0,190568,31397,-87238,360286,190685,-208887,-195462,-17504,97601,-361182,-198450,201280
5.352,0,0,0,190453,31693,-87014,360235,190502,-209032,-195557,-17202,97821,-361170,-198601,201099
5.36,0,0,0,190335,31993,-86785,360182,190315,-209179,-195653,-16896,98044,-361155,-198753,200914
5.368,0,0,0,190214,32298,-86553,360126,190125,-209327,-195749,-16585,98271,-361139,-198906,200725
5.376,0,0,0,190092,32608,-86318,360068,189930,-209476,-195847,-16268,98501,-361122,-199061,200533
5.384,0,0,0,189967,32922,-86079,360007,189732,-209627,-195946,-15947,98735,-361102,-199218,200337
5.392,0,0,0,189840,33241,-85836,359944,189531,-209780,-196045,-15621,98971,-361081,-199376,200137
5.4,0,0,0,189710,33563,-85590,359879,189326,-209933,-196146,-15291,99211,-361057,-199536,199934
5.408,0,0,0,189579,33890,-85341,359811,189117,-210088,-196247,-14956,99453,-361032,-199697,199727
5.416,0,0,0,189445,34221,-85089,359740,188905,-210243,-196349,-14616,99699,-361005,-199859,199516
5.424,0,0,0,189309,34556,-84833,359667,188689,-210400,-196451,-14272,99948,-360976,-200022,199302
5.432,0,0,0,189170,34895,-84574,359591,188469,-210557,-196555,-13924,100199,-360944,-200186,199084
5.44,0,0,0,189030,35238,-84312,359513,188247,-210715,-196659,-13571,100453,-360911,-200351,198863
5.448,0,0,0,188887,35584,-84047,359431,188020,-210874,-196763,-13215,100709,-360875,-200517,198638
5.456,0,0,0,188742,35934,-83779,359347,187791,-211033,-196868,-12854,100969,-360837,-200684,198410
5.464,0,0,0,188595,36288,-83508,359260,187557,-211193,-196973,-12489,101230,-360796,-200851,198178
5.472,0,0,0,188445,36645,-83235,359171,187321,-211354,-197079,-12120,101494,-360753,-201020,197943
5.48,0,0,0,188294,37006,-82958,359078,187081,-211515,-197185,-11748,101761,-360708,-201188,197704
5.488,0,0,0,188140,37369,-82679,358982,186838,-211676,-197292,-11371,102030,-360660,-201358,197462
5.496,0,0,0,187985,37736,-82398,358883,186591,-211837,-197398,-10991,102300,-360610,-201528,197216
5.504,0,0,0,187827,38106,-82114,358782,186341,-211999,-197505,-10608,102574,-360557,-201698,196968
5.512,0,0,0,187667,38479,-81827,358677,186088,-212160,-197612,-10221,102849,-360501,-201868,196715
5.52,0,0,0,187506,38855,-81538,358569,185832,-212322,-197720,-9830,103126,-360443,-202039,196460
5.528,0,0,0,187342,39234,-81247,358458,185572,-212484,-197827,-9436,103404,-360382,-202210,196202
5.536,0,0,0,187176,39616,-80954,358344,185310,-212645,-197934,-9039,103685,-360319,-202381,195940
5.544,0,0,0,187008,40000,-80658,358226,185044,-212806,-198042,-8639,103968,-360252,-202552,195675
5.552,0,0,0,186838,40386,-80360,358106,184775,-212968,-198149,-8236,104252,-360183,-202723,195407
5.56,0,0,0,186667,40776,-80060,357982,184503,-213128,-198256,-7829,104538,-360111,-202894,195135
5.568,0,0,0,186493,41167,-79759,357855,184228,-213289,-198363,-7420,104825,-360036,-203065,194861
5.576,0,0,0,186317,41561,-79455,357724,183950,-213448,-198470,-7008,105113,-359958,-203235,194583
5.584,0,0,0,186140,41957,-79149,357591,183669,-213608,-198577,-6593,105403,-359877,-203406,194303
5.592,0,0,0,185961,42355,-78842,357454,183385,-213767,-198683,-6176,105695,-359793,-203576,194020
5.6,0,0,0,185780,42755,-78533,357314,183099,-213925,-198790,-5756,105987,-359706,-203745,193733
5.608,0,0,0,185597,43157,-78223,357170,182809,-214082,-198896,-5333,106281,-359616,-203914,193444
5.616,0,0,0,185412,43561,-77911,357023,182517,-214239,-199001,-4908,106576,-359523,-204083,193152
5.624,0,0,0,185226,43967,-77597,356872,182222,-214395,-199106,-4481,106871,-359427,-204251,192857
5.632,0,0,0,185038,44374,-77282,356719,181924,-214550,-199211,-4051,107168,-359328,-204418,192559
5.64,0,0,0,184848,44783,-76966,356562,181624,-214703,-199315,-3620,107465,-359226,-204584,192259
5.648,0,0,0,184657,45193,-76648,356401,181321,-214856,-199419,-3186,107763,-359120,-204750,191956
5.656,0,0,0,184464,45605,-76329,356237,181016,-215008,-199522,-2750,108062,-359012,-204915,191650
5.664,0,0,0,184269,46018,-76010,356070,180708,-215159,-199624,-2313,108362,-358900,-205079,191342
5.672,0,0,0,184073,46432,-75689,355899,180397,-215309,-199726,-1873,108662,-358785,-205243,191031
5.68,0,0,0,183875,46848,-75367,355725,180084,-215457,-199827,-1432,108962,-358667,-205405,190718
5.688,0,0,0,183675,47264,-75044,355548,179769,-215604,-199928,-989,109263,-358546,-205566,190402
5.696,0,0,0,183475,47682,-74721,355367,179451,-215750,-200028,-545,109564,-358422,-205726,190084
5.704,0,0,0,183272,48100,-74396,355183,179131,-215895,-200127,-99,109866,-358295,-205885,189764
5.712,0,0,0,183069,48519,-74071,354995,178809,-216038,-200225,348,110167,-358164,-206043,189441
5.72,0,0,0,182864,48939,-73746,354805,178485,-216179,-200323,796,110469,-358030,-206200,189116
5.728,0,0,0,182657,49360,-73420,354611,178159,-216319,-200420,1246,110771,-357893,-206355,188789
5.736,0,0,0,182449,49781,-73093,354413,177831,-216458,-200515,1696,111072,-357753,-206510,188460
5.744,0,0,0,182240,50202,-72766,354213,177500,-216595,-200610,2148,111374,-357610,-206662,188129
5.752,0,0,0,182030,50624,-72439,354009,177168,-216730,-200704,2601,111675,-357464,-206814,187796
5.76,0,0,0,181819,51046,-72111,353802,176834,-216864,-200797,3054,111976,-357315,-206964,187461
5.768,0,0,0,181606,51468,-71783,353591,176498,-216996,-200889,3508,112277,-357162,-207113,187124
5.776,0,0,0,181392,51891,-71456,353378,176160,-217126,-200980,3963,112578,-357007,-207260,186785
5.784,0,0,0,181177,52313,-71128,353162,175821,-217255,-201071,4419,112878,-356849,-207405,186445
5.792,0,0,0,180961,52735,-70800,352942,175480,-217381,-201160,4875,113177,-356687,-207549,186103
5.8,0,0,0,180745,53158,-70472,352719,175137,-217506,-201248,5331,113476,-356523,-207692,185759
5.808,0,0,0,180527,53580,-70144,352494,174793,-217629,-201334,5788,113774,-356355,-207833,185414
5.816,0,0,0,180308,54001,-69817,352265,174448,-217750,-201420,6244,114071,-356185,-207972,185067
5.824,0,0,0,180088,54423,-69490,352034,174101,-217869,-201505,6701,114368,-356012,-208109,184719
5.832,0,0,0,179868,54843,-69163,351799,173753,-217987,-201588,7158,114664,-355836,-208245,184370
5.84,0,0,0,179646,55264,-68837,351562,173404,-218102,-201671,7615,114958,-355657,-208379,184020
5.848,0,0,0,179424,55683,-68512,351322,173054,-218215,-201752,8072,115252,-355476,-208512,183668
5.856,0,0,0,179202,56102,-68187,351080,172702,-218326,-201832,8528,115545,-355292,-208642,183315
5.864,0,0,0,178978,56520,-67862,350835,172350,-218436,-201910,8985,115836,-355105,-208771,182961
5.872,0,0,0,178754,56937,-67539,350587,171997,-218543,-201988,9440,116127,-354915,-208898,182607
5.88,0,0,0,178530,57353,-67216,350336,171643,-218648,-202064,9896,116416,-354723,-209023,182251
5.888,0,0,0,178305,57768,-66894,350084,171288,-218751,-202139,10350,116704,-354529,-209146,181895
5.896,0,0,0,178079,58182,-66573,349829,170933,-218852,-202213,10804,116990,-354332,-209267,181538
5.904,0,0,0,177853,58595,-66253,349571,170577,-218951,-202285,11257,117275,-354132,-209387,181181
5.912,0,0,0,177627,59006,-65934,349311,170220,-219048,-202356,11709,117559,-353931,-209504,180823
5.92,0,0,0,177400,59416,-65616,349049,169863,-219142,-202426,12160,117841,-353727,-209620,180464
5.928,0,0,0,177173,59825,-65300,348785,169506,-219235,-202495,12610,118121,-353521,-209733,180105
5.936,0,0,0,176946,60232,-64984,348519,169148,-219325,-202562,13059,118399,-353312,-209845,179746
5.944,0,0,0,176719,60637,-64671,348252,168791,-219413,-202628,13507,118676,-353102,-209955,179387
5.952,0,0,0,176492,61041,-64358,347982,168433,-219499,-202692,13953,118951,-352890,-210062,179028
5.96,0,0,0,176265,61442,-64047,347710,168076,-219583,-202756,14398,119225,-352675,-210168,178669
5.968,0,0,0,176038,61842,-63738,347437,167718,-219665,-202818,14841,119496,-352459,-210272,178310
5.976,0,0,0,175810,62240,-63430,347162,167361,-219745,-202878,15282,119765,-352241,-210374,177951
5.984,0,0,0,175583,62636,-63124,346886,167004,-219822,-202937,15722,120032,-352022,-210474,177592
5.992,0,0,0,175357,63030,-62819,346608,166647,-219898,-202995,16160,120298,-351801,-210571,177234
6,0,0,0,175130,63421,-62517,346329,166291,-219971,-203052,16596,120561,-351578,-210667,176877
6.008,0,0,0,174904,63810,-62216,346049,165936,-220042,-203107,17029,120822,-351354,-210761,176520
6.016,0,0,0,174678,64197,-61918,345768,165581,-220111,-203161,17461,121080,-351129,-210853,176163
6.024,0,0,0,174453,64582,-61621,345486,165227,-220178,-203213,17890,121337,-350902,-210943,175808
6.032,0,0,0,174228,64963,-61326,345203,164874,-220243,-203264,18318,121591,-350674,-211030,175453
6.04,0,0,0,174004,65343,-61034,344919,164521,-220306,-203314,18742,121843,-350446,-211116,175099
6.048,0,0,0,173780,65719,-60744,344634,164170,-220366,-203363,19164,122092,-350216,-211200,174747
6.056,0,0,0,173557,66093,-60456,344349,163820,-220425,-203410,19584,122339,-349985,-211282,174396
6.064,0,0,0,173335,66464,-60170,344064,163472,-220482,-203456,20000,122583,-349754,-211362,174046
6.072,0,0,0,173114,66831,-59887,343778,163125,-220536,-203500,20414,122825,-349522,-211440,173697
6.08,0,0,0,172894,67196,-59606,343492,162779,-220589,-203544,20825,123064,-349289,-211516,173350
6.088,0,0,0,172675,67558,-59328,343206,162435,-220640,-203586,21233,123301,-349056,-211590,173005
6.096,0,0,0,172456,67917,-59052,342919,162093,-220688,-203626,21637,123534,-348823,-211662,172661
6.104,0,0,0,172239,68272,-58779,342634,161752,-220735,-203666,22039,123765,-348589,-211733,172319
6.112,0,0,0,172023,68624,-58509,342348,161414,-220780,-203704,22437,123994,-348356,-211801,171980
6.12,0,0,0,171808,68972,-58241,342063,161077,-220823,-203741,22831,124219,-348122,-211868,171642
6.128,0,0,0,171595,69317,-57976,341778,160743,-220864,-203776,23222,124442,-347889,-211932,171306
6.136,0,0,0,171383,69659,-57715,341494,160411,-220904,-203811,23610,124661,-347656,-211995,170973
6.144,0,0,0,171173,69996,-57456,341211,160081,-220941,-203844,23993,124878,-347423,-212056,170642
6.152,0,0,0,170964,70330,-57200,340929,159754,-220977,-203876,24373,125092,-347190,-212115,170314
6.16,0,0,0,170756,70661,-56947,340648,159430,-221011,-203907,24749,125302,-346959,-212173,169989
6.168,0,0,0,170551,70987,-56697,340368,159108,-221044,-203936,25120,125510,-346728,-212228,169666
6.176,0,0,0,170347,71309,-56451,340090,158789,-221075,-203965,25488,125715,-346497,-212282,169346
6.184,0,0,0,170145,71627,-56208,339813,158473,-221104,-203992,25851,125916,-346268,-212335,169029
6.192,0,0,0,169945,71941,-55968,339537,158160,-221131,-204019,26210,126114,-346040,-212385,168715
6.2,0,0,0,169747,72251,-55731,339264,157851,-221157,-204044,26564,126309,-345813,-212434,168405
6.208,0,0,0,169551,72557,-55498,338992,157544,-221182,-204068,26914,126501,-345588,-212481,168097
6.216,0,0,0,169357,72858,-55268,338723,157241,-221205,-204091,27259,126690,-345364,-212527,167794
6.224,0,0,0,169166,73154,-55042,338455,156942,-221227,-204113,27599,126875,-345142,-212571,167494
6.232,0,0,0,168977,73446,-54820,338191,156646,-221247,-204134,27934,127057,-344921,-212613,167197
6.24,0,0,0,168790,73734,-54601,337928,156355,-221266,-204154,28264,127236,-344703,-212654,166905
6.248,0,0,0,168606,74016,-54386,337669,156067,-221283,-204173,28589,127411,-344486,-212694,166616
6.256,0,0,0,168424,74294,-54174,337412,155783,-221300,-204192,28909,127583,-344272,-212732,166332
6.264,0,0,0,168245,74567,-53966,337158,155503,-221315,-204209,29224,127751,-344060,-212768,166051
6.272,0,0,0,168068,74836,-53763,336907,155228,-221329,-204225,29533,127916,-343850,-212803,165775
6.28,0,0,0,167895,75099,-53563,336660,154957,-221342,-204241,29836,128077,-343643,-212837,165504
6.288,0,0,0,167724,75357,-53367,336416,154690,-221353,-204255,30134,128235,-343439,-212869,165237
6.296,0,0,0,167556,75609,-53175,336175,154429,-221364,-204269,30427,128389,-343237,-212900,164975
6.304,0,0,0,167391,75857,-52988,335939,154172,-221374,-204282,30713,128540,-343039,-212930,164717
6.312,0,0,0,167230,76099,-52804,335706,153920,-221382,-204295,30993,128687,-342843,-212958,164465
6.32,0,0,0,167071,76336,-52625,335477,153673,-221390,-204306,31267,128831,-342651,-212986,164217
6.328,0,0,0,166916,76567,-52450,335253,153431,-221397,-204317,31535,128970,-342463,-213012,163975
6.336,0,0,0,166764,76793,-52279,335033,153194,-221403,-204327,31797,129106,-342278,-213036,163738
6.344,0,0,0,166616,77013,-52113,334817,152963,-221408,-204337,32052,129239,-342096,-213060,163507
6.352,0,0,0,166471,77227,-51951,334606,152738,-221413,-204346,32301,129367,-341919,-213083,163281
6.36,0,0,0,166330,77435,-51793,334400,152518,-221417,-204354,32544,129492,-341745,-213104,163061
6.368,0,0,0,166193,77638,-51640,334199,152304,-221420,-204362,32779,129613,-341576,-213124,162846
6.376,0,0,0,166059,77834,-51492,334003,152095,-221423,-204369,33008,129730,-341410,-213144,162638
6.384,0,0,0,165929,78024,-51348,333813,151893,-221425,-204376,33230,129843,-341250,-213162,162436
6.392,0,0,0,165803,78209,-51209,333627,151697,-221426,-204382,33444,129953,-341093,-213180,162239
6.4,0,0,0,165681,78387,-51075,333448,151507,-221427,-204388,33652,130058,-340942,-213196,162049
6.408,0,0,0,165563,78558,-50946,333274,151324,-221428,-204393,33852,130160,-340795,-213212,161866
6.416,0,0,0,165450,78724,-50821,333106,151147,-221412,-204398,34045,130257,-340653,-213226,161689
6.424,0,0,0,165340,78883,-50702,332944,150977,-221428,-204402,34231,130351,-340516,-213240,161519
6.432,0,0,0,165235,79035,-50587,332788,150813,-221412,-204406,34409,130441,-340384,-213253,161355
6.44,0,0,0,165134,79180,-50477,332639,150657,-221427,-204410,34579,130526,-340258,-213265,161198
6.448,0,0,0,165038,79319,-50373,332496,150507,-221426,-204413,34741,130608,-340137,-213277,161049
6.456,0,0,0,164947,79452,-50274,332360,150365,-221425,-204416,34896,130685,-340021,-213287,160906
6.464,0,0,0,164860,79577,-50179,332230,150230,-221424,-204418,35043,130758,-339911,-213297,160771
6.472,0,0,0,164777,79695,-50091,332107,150102,-221423,-204421,35181,130827,-339807,-213306,160643
6.48,0,0,0,164700,79806,-50007,331992,149981,-221421,-204423,35312,130892,-339709,-213315,160523
6.488,0,0,0,164627,79910,-49929,331883,149869,-221420,-204425,35434,130953,-339617,-213323,160410
6.496,0,0,0,164560,80007,-49856,331782,149764,-221418,-204427,35547,131009,-339532,-213330,160305
6.504,0,0,0,164497,80097,-49789,331688,149666,-221417,-204428,35652,131061,-339452,-213337,160207
6.512,0,0,0,164440,80179,-49727,331602,149577,-221415,-204430,35749,131109,-339379,-213343,160118
6.52,0,0,0,164387,80254,-49671,331523,149495,-221414,-204431,35837,131152,-339312,-213348,160037
6.528,0,0,0,164340,80322,-49620,331453,149422,-221412,-204432,35916,131191,-339252,-213353,159963
6.536,0,0,0,164298,80381,-49575,331390,149357,-221411,-204416,35986,131226,-339199,-213357,159898
6.544,0,0,0,164262,80433,-49536,331335,149301,-221410,-204433,36047,131256,-339153,-213360,159842
6.552,0,0,0,164231,80477,-49503,331288,149252,-221409,-204434,36099,131281,-339113,-213364,159793
6.56,0,0,0,164205,80514,-49476,331250,149213,-221408,-204418,36142,131302,-339080,-213366,159754
6.568,0,0,0,164185,80542,-49455,331220,149182,-221392,-204435,36175,131319,-339055,-213368,159723
6.576,0,0,0,164171,80563,-49439,331199,149159,-221407,-204419,36199,131331,-339037,-213369,159701
6.584,0,0,0,164162,80575,-49430,331186,149146,-221391,-204435,36213,131338,-339026,-213370,159687
6.592,0,0,0,164159,80579,-49427,331181,149141,-221407,-204419,36218,131340,-339022,-213354,159683